{"training_loss": [0.9807628186381593], "validation_loss": [0.9788855562607447], "learning_rates": [4e-08]}